{
  "timestamp": "2025-08-15T09:50:22.367169Z",
  "current_score": 0.005822238204192327,
  "new_score": 0.005822238204192327,
  "improved": true
}