{
  "timestamp": "2025-08-15T12:51:01.600353Z",
  "current_score": 0.005822238204192327,
  "new_score": 0.005822238204192327,
  "improved": true
}