{
  "timestamp": "2025-08-15T12:17:41.007591Z",
  "current_score": 0.005822238204192327,
  "new_score": 0.005822238204192327,
  "improved": true
}